geracao,fit_medio,fit_melhor,fit_pior,fit_std,coletas,entregas,colisoes,mortos,taxa_coleta,taxa_entrega,melhor_tempo,tempo_medio_entrega,distancia_media_entrega,taxa_mutacao_atual,forca_mutacao_atual,tempo_real_geracao_seg
1,8861.482624521954,16937.845329962962,-488.0052527133705,7117.176831604385,28,18,76,3,0.7,0.45,5.216999999999997,6.545722222222226,1143.293793499096,0.1764,0.27440000000000003,0.0012161731719970703
2,11301.852167011606,11547.218156400528,11197.360329551853,70.26706423246368,40,40,0,0,1.0,1.0,1.7319999999999987,2.0633249999999976,412.6065420448598,0.17287199999999997,0.268912,0.0001659393310546875
3,9522.240634929249,16656.56185334643,613.4656689533285,5769.978407624252,31,18,118,7,0.775,0.45,4.438999999999995,9.111166666666547,1030.2990243697238,0.16941456,0.26353376,0.0002884864807128906
4,14094.782941991934,15471.086153004275,-1130.0660697193414,3662.1678829906227,38,37,0,0,0.95,0.925,3.3439999999999928,5.798594594594541,1042.2944882911256,0.16602626879999996,0.2582630848,0.0006034374237060547
5,12440.131797778837,14206.662000585824,459.49084623936193,4087.584920943227,39,35,0,0,0.975,0.875,2.7629999999999946,3.461571428571415,680.2194557176086,0.162705743424,0.25309782310400003,0.0005052089691162109
6,11405.668118134778,13344.895100448548,-225.37833226485333,4141.1969759068825,40,35,0,0,1.0,0.875,2.4679999999999964,4.42217142857139,807.0137034576977,0.15945162855551998,0.24803586664192,0.0006806850433349609
7,10917.945703743248,14928.994714896106,873.3426490817544,4811.311705047966,39,29,103,8,0.975,0.725,3.3339999999999934,7.944551724137821,799.5224776965782,0.15626259598440959,0.2430751493090816,0.00038695335388183594
8,4232.932082872625,14499.15630484703,-2004.221667680249,5087.15544682164,15,8,143,17,0.375,0.2,4.237999999999992,10.59287499999994,912.0919836626749,0.15313734406472138,0.23821364632289996,0.0001537799835205078
9,7866.40495668559,17804.755779539904,-1174.163408629775,6799.227166176233,23,13,74,8,0.575,0.325,4.7189999999999985,8.41276923076919,1093.6681793519112,0.15007459718342694,0.23344937339644195,0.00025844573974609375
10,11689.790006689258,17562.760044739247,3232.3742400381657,6186.805033583383,34,23,23,1,0.85,0.575,4.497999999999997,9.197217391304262,1462.2715645458359,0.1470731052397584,0.2287803859285131,0.0002353191375732422
11,12397.972337559535,14166.812654559559,-786.1323678068769,3558.8821292050143,36,36,40,0,0.9,0.9,2.8199999999999954,5.388361111111057,804.8558837440538,0.14413164313496324,0.22420477820994286,0.0003285408020019531
12,10828.168997645927,12483.97425132539,-661.2453808940745,3839.665220407605,40,35,0,0,1.0,0.875,2.083999999999998,2.3894857142857115,474.60779539931815,0.14124901027226397,0.219720682645744,0.0003387928009033203
13,7435.351847812172,14516.108161176671,55.53446865340625,5973.262704371101,20,20,98,5,0.5,0.5,3.460999999999993,11.913149999999774,1083.4277140168472,0.13842403006681867,0.21532626899282908,0.00022077560424804688
14,13136.330125608973,13549.105377400629,1798.607233944592,1822.5459354925924,39,39,0,0,0.975,0.975,2.5889999999999964,2.929897435897433,580.9801766597168,0.1356555494654823,0.2110197436129725,0.0003972053527832031
15,11539.77851521652,13454.431850288436,-1166.5567558046134,4024.2858857761958,37,34,0,0,0.925,0.85,2.5029999999999966,3.4868529411764597,642.4278316113641,0.13294243847617268,0.20679934874071307,0.0005090236663818359
16,8931.938823774748,15533.394746279173,-1188.513970845774,6185.2354449429995,29,21,97,4,0.725,0.525,4.573999999999996,10.106619047618938,1109.5845757749794,0.1302835897066492,0.20266336176589878,0.00018548965454101562
17,7970.692303891005,16005.246398925065,-2288.7789144937715,6795.299941616915,18,18,84,7,0.45,0.45,4.1979999999999915,7.2448333333333075,1025.1918094049865,0.12767791791251623,0.19861009453058082,0.0001926422119140625
18,11283.462617029863,14642.772971416649,-1829.727477812468,5955.088972169392,36,31,0,0,0.9,0.775,3.0819999999999936,4.413806451612867,842.0128086652999,0.12512435955426587,0.19463789263996917,0.0002562999725341797
19,11479.347973583308,15333.274467328152,-1510.0222932022116,5736.709424794057,32,29,0,0,0.8,0.725,3.292999999999994,6.352965517241302,1127.6865508588364,0.12262187236318056,0.19074513478716978,0.0002617835998535156
20,13139.921455793588,13732.163025715638,-4742.573841855471,2871.7833628714293,39,39,0,0,0.975,0.975,2.6849999999999947,3.373999999999992,673.2294278867216,0.12016943491591696,0.1869302320914264,0.00042819976806640625
21,13192.687430106458,14562.101794353955,-1869.9418972046183,3990.4204925417293,37,37,0,0,0.925,0.925,3.022999999999994,3.687675675675659,728.7348974959281,0.1177660462175986,0.18319162744959785,0.0003063678741455078
22,12656.3589166369,13783.354463942467,2550.8637630301296,2456.276360217621,40,37,0,0,1.0,0.925,2.6689999999999956,4.6099729729729395,872.2048891045573,0.11541072529324664,0.1795277949006059,0.000308990478515625
23,12581.54056786806,13537.1100899999,-1358.2273463445315,2925.229473209619,40,38,0,0,1.0,0.95,2.545999999999996,3.965710526315765,778.2160035834357,0.11310251078738172,0.1759372390025938,0.0004222393035888672
24,7577.502919517297,15199.905370507298,-174.19445118172746,6078.716053610755,22,17,119,7,0.55,0.425,3.653999999999991,5.999411764705874,831.5790852220052,0.11084046057163409,0.17241849422254193,0.00018095970153808594
25,12747.407945077499,13448.495408900759,818.592161969347,2213.790088435342,39,38,0,0,0.975,0.95,2.5419999999999967,2.66881578947368,533.2365461855535,0.1086236513602014,0.16897012433809108,0.0004096031188964844
26,12201.68056638244,17883.98206089657,-272.1940529344555,7386.971065635636,27,27,43,1,0.675,0.675,4.573999999999997,6.293518518518497,1041.9560999809016,0.10645117833299736,0.16559072185132925,0.00024175643920898438
27,12435.063426058512,12635.305273452455,12223.460555789194,109.73207786837023,40,40,0,0,1.0,1.0,2.124999999999998,2.300549999999997,458.75528810320446,0.1043221547663374,0.16227890741430265,0.0003116130828857422
28,14111.249204177448,14298.33482482543,13831.533588255526,115.16190577934833,40,40,0,0,1.0,1.0,2.8059999999999943,3.2409249999999927,647.0505737218067,0.10223571167101066,0.1590333292660166,0.00048089027404785156
29,10251.613389395618,14485.718432993774,2357.5954145867186,4734.835657836966,28,27,78,0,0.7,0.675,3.785999999999992,11.379666666666512,649.2088615177455,0.10019099743759045,0.15585266268069628,0.00019550323486328125
30,10807.729179022474,15201.765401608369,-55.87342757807437,5911.984015656586,29,29,102,1,0.725,0.725,4.153999999999993,7.08520689655167,699.8541852580497,0.09818717748883864,0.15273560942708234,0.0003056526184082031
31,12911.488400428661,14568.152661792848,3598.5234543613674,3533.4172324078336,35,35,32,0,0.875,0.875,3.153999999999995,4.060028571428537,763.1394047676849,0.09622343393906187,0.1496808972385407,0.0002758502960205078
32,12219.008956739135,12378.539938315214,12147.208973254063,43.27674018217863,40,40,0,0,1.0,1.0,2.0429999999999975,2.231474999999997,446.294999999999,0.09429896526028061,0.14668727929376987,0.0006024837493896484
33,13164.548770734158,13293.691907994726,13085.431902992004,55.178244741304574,40,40,0,0,1.0,1.0,2.458999999999995,2.6205499999999944,524.1099999999986,0.09241298595507501,0.14375353370789448,0.00029206275939941406
34,4000.2771238501855,16684.09084237147,507.9035776016297,5345.359912437631,6,6,75,1,0.15,0.15,4.867000000000001,5.388000000000009,932.613750261686,0.09056472623597352,0.1408784630337366,0.0001876354217529297
35,12255.741478867145,12403.177674459184,12073.914057889331,71.60559711845433,40,40,0,0,1.0,1.0,2.0829999999999975,2.1661249999999974,433.2249999999991,0.08875343171125404,0.13806089377306185,0.0004184246063232422
36,13050.643418535203,13850.03430913548,84.6214791954745,2968.495999860148,38,38,0,0,0.95,0.95,2.7139999999999955,2.7798947368421008,555.9590323033502,0.08697836307702896,0.1352996758976006,0.0004968643188476562
37,12171.40369804193,12231.542341722961,12069.827362714008,43.260263349253634,40,40,0,0,1.0,1.0,2.007999999999998,2.180699999999997,434.59796312077896,0.08523879581548838,0.1325936823796486,0.00032329559326171875
38,15118.503347873757,15334.105492333056,14991.916734765517,98.99596591261212,40,40,0,0,1.0,1.0,3.3069999999999937,3.467574999999994,693.4070435130437,0.0835340198991786,0.1299418087320556,0.0003733634948730469
39,13050.828098815642,13648.150677982674,-598.4018762127397,2187.6480934593988,39,39,0,0,0.975,0.975,2.563999999999995,2.703179487179482,539.5875224705933,0.08186333950119504,0.1273429725574145,0.0006210803985595703
40,14016.505904884532,14448.069185294771,2502.8462161522552,1844.4831272688934,39,39,0,0,0.975,0.975,2.9259999999999953,3.258820512820507,647.7248659078002,0.08022607271117113,0.12479611310626622,0.00034880638122558594
41,13381.80341392124,13470.09678583791,13304.013798489437,40.76847593500421,40,40,0,0,1.0,1.0,2.582999999999997,2.664699999999997,532.939999999999,0.0786215512569477,0.12230019084414089,0.00037217140197753906
42,6505.504286005265,16435.94341086435,962.9689478633923,4806.346359440125,9,9,128,4,0.225,0.225,4.391999999999999,11.062888888888809,794.8444444444439,0.07704912023180874,0.11985418702725806,0.00017118453979492188
43,6604.081940185541,18774.08701132719,825.3170395680895,7432.597635730528,14,11,101,2,0.35,0.275,6.098000000000016,6.714181818181842,1136.2181818181841,0.07550813782717257,0.11745710328671291,0.0001933574676513672
44,13541.706991135588,13704.740359211932,13435.196050583772,57.42515555307568,40,40,0,0,1.0,1.0,2.6479999999999952,2.768624999999995,553.7249999999988,0.07399797507062912,0.11510796122097865,0.0004138946533203125
45,13979.443872232072,14077.675684732261,13898.906752151694,45.93052422773271,40,40,0,0,1.0,1.0,2.791999999999995,2.999424999999994,599.6028531242579,0.07251801556921654,0.11280580199655907,0.0003185272216796875
46,3888.0369631239164,14485.062582947336,710.9504101562952,3483.7947486710978,7,5,114,5,0.175,0.125,3.7209999999999916,22.86019999999941,636.079999999999,0.0710676552578322,0.11054968595662788,0.00016832351684570312
47,14704.578321473493,14824.486835872649,14446.370762400373,62.93921783807354,40,40,0,0,1.0,1.0,3.084999999999994,3.193574999999994,638.7149999999987,0.06964630215267556,0.10833869223749533,0.0004665851593017578
48,14972.772226603725,15082.608532330458,14704.971033540309,95.67476833330831,40,40,0,0,1.0,1.0,3.2239999999999926,3.283774999999993,656.754999999999,0.06825337610962204,0.10617191839274541,0.0002684593200683594
49,15398.305559405355,15556.404040319574,15218.622000058913,91.52954789603572,40,40,0,0,1.0,1.0,3.4119999999999933,3.5023249999999932,700.1544188129068,0.0668883085874296,0.1040484800248905,0.00021314620971679688
50,14864.33268995134,15020.40571663812,14665.057778664865,77.80493632373879,40,40,0,0,1.0,1.0,3.1729999999999943,3.2771499999999945,655.3102781246287,0.065550542415681,0.1019675104243927,0.00041985511779785156
51,7155.252766629524,16103.417631768305,849.8491813451647,6832.758879252543,15,15,62,1,0.375,0.375,4.684999999999999,5.547000000000008,804.1953573821343,0.06423953156736739,0.09992816021590484,0.00019431114196777344
52,12881.657763121675,12924.72976994449,12726.084065205838,34.21002612976132,40,40,0,0,1.0,1.0,2.3369999999999966,2.3683499999999964,473.669999999999,0.06295474093602003,0.09792959701158674,0.00019931793212890625
53,9942.713583893239,18351.15021753388,1049.3086313908018,7086.472636979079,24,18,135,6,0.6,0.45,6.588000000000024,14.044944444444267,1050.3219734731586,0.06169564611729964,0.095971005071355,0.00014901161193847656
54,14216.894036095275,14453.406184892632,14086.004803854577,80.09840371554088,40,40,0,0,1.0,1.0,2.9209999999999954,3.029649999999995,605.7452811706484,0.06046173319495365,0.09405158496992791,0.00039958953857421875
55,13578.268280989278,13725.921148913701,13478.149072242852,65.04299397239161,40,40,0,0,1.0,1.0,2.6109999999999967,2.6614749999999967,532.2949999999989,0.05925249853105457,0.09217055327052934,0.00017690658569335938
56,12525.57825729478,12682.483444784506,12364.8631995541,80.9180131805534,40,40,0,0,1.0,1.0,2.135999999999998,2.284749999999997,456.88857503740735,0.05806744856043348,0.09032714220511875,0.00014925003051757812
57,12034.928054603728,12161.708667100931,11871.106324069222,57.51430731218287,40,40,0,0,1.0,1.0,1.927999999999998,1.9879499999999979,397.58999999999935,0.0569060995892248,0.08852059936101637,0.0002384185791015625
58,9735.021577457683,15759.611808520662,3567.9076021050664,5776.585073866884,21,21,47,0,0.525,0.525,3.8739999999999912,5.2833809523809006,774.425506449578,0.05576797759744031,0.08675018737379606,0.0001475811004638672
59,13339.514594674085,13506.029165143551,13226.223947688371,77.56274368715441,40,40,0,0,1.0,1.0,2.5269999999999953,2.608324999999995,521.6649999999988,0.054652618045491506,0.08501518362632013,0.0005450248718261719
60,13113.89549550463,15876.69362607826,3664.1731393743435,3997.617855102486,35,33,103,1,0.875,0.825,4.142999999999992,13.235727272727067,776.4479809009704,0.05355956568458167,0.08331487995379372,0.0004718303680419922
61,6393.395852760175,15326.288986861702,916.9185125342208,5416.775263334735,22,11,122,10,0.55,0.275,4.023999999999992,9.376363636363498,796.8663472747543,0.05248837437089004,0.08164858235471785,0.00016951560974121094
62,11145.612335747455,15198.870893078314,2294.751995091787,4568.613832881668,36,28,144,5,0.9,0.7,3.580999999999992,12.364749999999855,733.5859000171444,0.05143860688347224,0.08001561070762349,0.00030159950256347656
63,13996.801901417415,18438.257611404915,4528.5227793166105,6047.385135476642,28,28,48,0,0.7,0.7,5.016,6.143892857142826,1031.4214285714286,0.050409834745802795,0.07841529849347102,0.00022864341735839844
64,13002.77025860762,17744.74447009947,2578.651659479481,5614.007706189813,32,27,135,5,0.8,0.675,5.700000000000012,15.23625925925901,1042.1715890807986,0.05,0.07684699252360158,0.000339508056640625
65,15063.807599145191,17141.22674047815,5721.354862174052,3432.6655131513453,40,35,109,5,1.0,0.875,4.492999999999998,5.9308571428571195,917.089715746984,0.05,0.07531005267312957,0.0005223751068115234
66,13204.758638178615,15936.842606198737,749.5179312720971,5417.082054951014,33,33,57,0,0.825,0.825,4.072999999999992,4.703121212121213,805.1575757575752,0.05,0.07380385161966697,0.00016999244689941406
67,17225.931167760788,17998.34977231869,1795.549705858101,2493.531221463454,39,39,75,0,0.975,0.975,5.1440000000000055,6.2461794871795,977.1964266370644,0.05,0.07232777458727363,0.00043845176696777344
68,11926.337386585841,12073.159284288977,11749.647300183915,72.33388594101463,40,40,0,0,1.0,1.0,1.9419999999999982,2.006874999999998,401.37499999999943,0.05,0.07088121909552815,0.00042438507080078125
69,15708.38656545807,17448.47097742089,5851.513149530538,3727.1825162963964,40,35,93,5,1.0,0.875,4.914000000000001,6.140600000000002,1049.6182263339324,0.05,0.06946359471361759,0.0001709461212158203
70,14170.164489173865,14210.64468095652,14097.008036933228,29.353251134358917,40,40,0,0,1.0,1.0,2.8609999999999953,2.981699999999995,596.3399999999989,0.05,0.06807432281934524,0.00033211708068847656
71,12480.796256647736,12552.672347715961,12309.872552093755,44.90155206672075,40,40,0,0,1.0,1.0,2.217999999999997,2.377049999999996,474.1986768018247,0.05,0.06671283636295833,0.0004210472106933594
72,16581.200943974192,16763.029641270572,15584.634517560164,253.25788856880817,40,40,51,0,1.0,1.0,4.386999999999997,5.421200000000003,852.0088442672534,0.05,0.06537857963569917,0.0005295276641845703
73,13316.835600932784,13380.018245969011,13252.967644802731,35.764482315452916,40,40,0,0,1.0,1.0,2.5319999999999965,2.5562999999999962,511.25999999999874,0.05,0.06407100804298517,0.00018453598022460938
74,12297.536496338096,12428.166056953913,12238.879983292552,42.848030557320186,40,40,0,0,1.0,1.0,2.1299999999999977,2.1985749999999973,439.71499999999907,0.05,0.06278958788212548,0.0002601146697998047
75,15460.846809000232,15579.861240510872,15407.211759060101,39.5866175056865,40,40,0,0,1.0,1.0,3.499999999999993,3.628899999999993,725.7799999999995,0.05,0.06153379612448296,0.00033926963806152344
76,5904.319724941314,16897.612451229084,985.0109489084176,3997.8099540015314,6,5,78,0,0.15,0.125,4.413999999999998,14.800199999999617,873.5880498205019,0.05,0.0603031202019933,0.00015211105346679688
77,9119.464956443457,14017.897918911132,3720.308975333717,4261.6178526754165,40,24,45,0,1.0,0.6,3.0029999999999952,22.485666666666052,636.6166666666655,0.05,0.06,0.00027251243591308594
78,13316.795381643835,13366.193029780614,13209.037791537497,36.498188355919176,40,40,0,0,1.0,1.0,2.5309999999999957,2.5665499999999954,513.3099999999986,0.05,0.06,0.00018548965454101562
79,13896.026788628125,13993.612738115717,13841.196316626318,38.94153877146324,40,40,0,0,1.0,1.0,2.8069999999999955,2.841424999999995,568.2849999999992,0.05,0.06,0.00017714500427246094
80,12247.9213075326,12329.352296609519,12146.205462969392,33.72437873985866,40,40,0,0,1.0,1.0,2.0399999999999974,2.0870749999999973,417.4149999999992,0.05,0.06,0.00015854835510253906
81,5823.857221554872,14177.70392992967,4521.073948478128,2519.4316513375607,8,3,111,5,0.2,0.075,23.975999999999438,29.23099999999916,965.8202139511835,0.05,0.06,0.0001468658447265625
82,15691.442628758308,17667.196397856656,6889.89419439289,3623.2840715672464,40,34,85,5,1.0,0.85,4.676999999999999,4.98388235294118,928.2486908118209,0.05,0.06,0.0004551410675048828
83,16501.495968906955,16655.937123640484,16011.389552699078,166.93178664909428,40,40,12,0,1.0,1.0,4.1099999999999905,4.356524999999993,859.546963104385,0.05,0.06,0.0006718635559082031
84,7159.076234129885,15123.178458726708,1754.8773621668533,3762.79545522896,28,8,162,15,0.7,0.2,4.942000000000004,6.774500000000015,736.4427325591278,0.05,0.06,0.00016760826110839844
85,5241.612140420279,18689.016419551892,942.3464402699487,5627.0891928864,10,5,81,3,0.25,0.125,7.33600000000003,8.171600000000025,1171.3880848969857,0.05,0.06,0.00015687942504882812
86,13918.297457499697,13963.801399266295,13846.393233061837,26.381320826185025,40,40,0,0,1.0,1.0,2.7919999999999954,2.8072499999999954,561.4499999999991,0.05,0.06,0.0001590251922607422
87,13294.407884355413,13368.79286717242,13211.300244781285,34.61046306063075,40,40,0,0,1.0,1.0,2.529999999999996,2.5376499999999957,507.5299999999987,0.05,0.06,0.0001628398895263672
88,12991.101622228967,13077.747249608114,12895.998015089575,48.78157130732773,40,40,0,0,1.0,1.0,2.3589999999999964,2.3737999999999966,474.75999999999897,0.05,0.06,0.0002033710479736328
89,12835.488626574763,16855.164071665145,5813.900897652867,4625.781983995953,40,27,150,13,1.0,0.675,4.426999999999996,5.358222222222224,978.402963300243,0.05,0.06,0.00036907196044921875
90,13979.83657782761,14012.050336876478,13950.668802408818,15.357930845184404,40,40,0,0,1.0,1.0,2.8339999999999947,2.863399999999994,572.6799999999988,0.05,0.06,0.00018525123596191406
91,15337.794387001719,15467.709949453403,14736.042018197162,148.95526127640204,40,40,47,0,1.0,1.0,3.8089999999999935,3.991549999999994,710.3599999999996,0.05,0.06,0.0003876686096191406
92,8223.770047219292,16191.649225271954,3964.326255498415,4780.946250530444,18,15,100,0,0.45,0.375,4.273999999999995,26.408199999999276,800.2972459578567,0.05,0.06,0.00016999244689941406
93,9617.797646618119,18919.41166951888,1572.35846619144,6044.809679602099,27,9,104,4,0.675,0.225,5.618000000000009,9.276555555555461,1152.2187215152665,0.05,0.06,0.00016045570373535156
94,11162.529679896465,15519.671214589558,3452.543379942,5637.262695360768,26,26,53,0,0.65,0.65,4.228999999999994,4.8173076923076925,735.5461538461533,0.05,0.06,0.00015854835510253906
95,14950.177207880875,15234.029178555491,14665.260169554847,124.46798926915922,40,40,36,0,1.0,1.0,3.507999999999993,3.5904249999999918,701.8599999999988,0.05,0.06,0.0005009174346923828
96,14526.135397037153,14588.710899367372,14456.266408910036,26.570194738302444,40,40,0,0,1.0,1.0,3.0309999999999944,3.0575249999999943,611.504999999999,0.05,0.06,0.000152587890625
97,13867.230807949742,13956.980156712265,13769.468503483553,39.716832038166736,40,40,0,0,1.0,1.0,2.796999999999996,2.809799999999996,561.9599999999988,0.05,0.06,0.0001735687255859375
98,14167.356767316898,14223.846986859939,14060.48404420622,33.68664222163256,40,40,0,0,1.0,1.0,2.8999999999999946,2.9160999999999944,583.2199999999989,0.05,0.06,0.00020885467529296875
99,16697.104506863136,17222.545188443284,16309.871523975704,191.97839477858304,40,40,110,0,1.0,1.0,4.911000000000004,5.215075000000008,907.058814967332,0.05,0.06,0.0004839897155761719
100,12581.068300665871,12636.534331537481,12534.610764688918,21.96895892223072,40,40,0,0,1.0,1.0,2.207999999999998,2.214474999999998,442.8949999999991,0.05,0.06,0.00019741058349609375
101,15743.253480968055,15810.06971130471,15695.121778145622,22.812776333926415,40,40,40,0,1.0,1.0,4.301999999999996,4.3795749999999956,738.6149999999994,0.05,0.06,0.0004036426544189453
102,14436.273674818312,14523.69238143719,14379.832553217468,36.05976253187725,40,40,0,0,1.0,1.0,3.0259999999999945,3.1279749999999944,625.5949999999993,0.05,0.06,0.0004596710205078125
103,11439.5571543017,16169.95588714011,3627.8992864293054,5247.102886972289,31,26,121,4,0.775,0.65,4.102999999999992,10.135730769230559,810.2538461538456,0.05,0.06,0.0002434253692626953
104,13926.68922281129,13959.194095101811,13891.905179304642,14.839826710930804,40,40,0,0,1.0,1.0,2.814999999999995,2.865524999999995,573.1049999999989,0.05,0.06,0.0001537799835205078
105,16805.62114546571,16899.572143352554,16300.426062126542,109.67629463456528,40,40,85,0,1.0,1.0,5.0320000000000045,5.170550000000006,872.7049999999992,0.05,0.06,0.00043964385986328125
106,13990.317426965577,14036.45863304999,13927.198254971547,29.553179591460797,40,40,0,0,1.0,1.0,2.7879999999999954,2.8115999999999954,562.3199999999988,0.05,0.06,0.00017380714416503906
107,14667.21905013653,15178.952074449724,13563.960439992072,583.6373117689052,40,40,41,0,1.0,1.0,3.824999999999991,11.756199999999778,706.3064764928795,0.05,0.06,0.00045990943908691406
108,16713.34333270829,17099.58408386979,16174.854310129442,234.72263731474902,40,40,75,0,1.0,1.0,5.183000000000006,6.300075000000011,1075.7057104923292,0.05,0.06,0.0003046989440917969
109,7524.573080154767,15324.21655298287,2403.451884582239,5088.086975022505,14,13,80,0,0.35,0.325,3.732999999999991,7.840769230769088,697.3846153846142,0.05,0.06,0.0001685619354248047
110,13111.531345148536,13185.96284785297,13051.525960345884,27.98255852482015,40,40,0,0,1.0,1.0,2.442999999999997,2.4577999999999967,491.55999999999875,0.05,0.06,0.00016236305236816406
111,13665.799164399341,13731.282235985032,13624.685116497794,20.64347164625982,40,40,0,0,1.0,1.0,2.731999999999995,2.781549999999995,556.3099999999988,0.05,0.06,0.00024271011352539062
112,17154.92650670844,17219.80170774723,16890.96917279411,53.65817253589555,40,40,41,0,1.0,1.0,5.1570000000000045,5.386350000000007,1024.395000000001,0.05,0.06,0.0001742839813232422
113,14015.862671806226,14046.981813525792,13976.61892387706,14.481171832436404,40,40,0,0,1.0,1.0,2.8489999999999953,2.882774999999995,576.5549999999989,0.05,0.06,0.0001628398895263672
114,17056.421136997415,17314.77846772351,16671.756120014365,163.39217398455392,40,40,70,0,1.0,1.0,4.893000000000002,5.000000000000003,918.9569464503193,0.05,0.06,0.0003020763397216797
115,12585.348357004557,12613.692861707212,12544.564559194965,15.09962991561191,40,40,0,0,1.0,1.0,2.235999999999997,2.2593749999999972,451.8749999999991,0.05,0.06,0.00015997886657714844
116,15780.693957475858,15844.47143479657,15515.763378994274,51.52353402759603,40,40,41,0,1.0,1.0,4.348999999999994,4.5533499999999965,770.6949999999987,0.05,0.06,0.0003859996795654297
117,15288.36208053643,15367.932028682531,15016.702780533184,79.38050468278854,40,40,83,0,1.0,1.0,4.2249999999999925,4.355799999999993,732.5499999999993,0.05,0.06,0.00018143653869628906
118,14944.23187473584,15890.338167127411,811.5014139156766,3245.962951156378,38,38,22,0,0.95,0.95,3.9469999999999907,4.075921052631571,802.8210526315776,0.05,0.06,0.0006530284881591797
119,16574.845432599126,16721.71755562238,16100.305429203505,169.17047720371207,40,40,53,0,1.0,1.0,4.833000000000002,5.308225000000009,926.7549999999995,0.05,0.06,0.0005621910095214844
120,18042.014610137743,18200.117057747324,17736.43807646815,154.20194726314426,40,40,10,0,1.0,1.0,5.067000000000006,5.389350000000012,1076.0400000000004,0.05,0.06,0.0006203651428222656
121,13223.73130931863,13345.225512543786,13144.768513106254,49.6222984826844,40,40,0,0,1.0,1.0,2.4779999999999966,2.5647749999999965,512.9549999999987,0.05,0.06,0.0002524852752685547
122,12714.37145216527,12778.354635461099,12625.577724932004,35.373236899376586,40,40,0,0,1.0,1.0,2.269999999999997,2.2932999999999972,458.65999999999894,0.05,0.06,0.0001709461212158203
123,14536.39732921315,14601.431457721996,14443.018924187956,38.657746780565404,40,40,0,0,1.0,1.0,2.9969999999999946,3.0727249999999944,614.5449999999986,0.05,0.06,0.0003662109375
124,13987.393622894047,14356.962259270442,13328.893055014492,268.2787599151386,40,40,80,0,1.0,1.0,3.3619999999999925,3.4569999999999923,643.579999999999,0.05,0.06,0.00036406517028808594
125,19938.089553892158,20255.200882245535,19283.96141808619,231.06784597241963,40,40,26,0,1.0,1.0,5.868000000000011,6.3202250000000175,1243.6750000000056,0.05,0.06,0.00027489662170410156
126,8694.461805967348,16258.881539012997,4559.048328817516,5400.652822587669,14,14,60,0,0.35,0.35,4.048999999999991,4.234071428571421,767.557142857142,0.05,0.06,0.0002589225769042969
127,16044.67132830674,16388.184509259812,15396.159637970162,300.7151776863754,40,40,38,0,1.0,1.0,4.009999999999992,4.131424999999993,814.6623207984679,0.05,0.06,0.0002472400665283203
128,14235.739903122285,14260.501642300831,14194.129115215139,14.947225412261773,40,40,0,0,1.0,1.0,2.8909999999999947,2.9305999999999948,586.1199999999992,0.05,0.06,0.00018310546875
129,14394.16288326855,14557.906158420385,14224.556854333243,120.61226635913086,40,40,20,0,1.0,1.0,3.097999999999993,3.2147999999999923,634.644999999999,0.05,0.06,0.00015044212341308594
130,13588.54285165689,13623.068040238657,13548.412954451427,16.202653557087533,40,40,0,0,1.0,1.0,2.656999999999995,2.6928999999999954,538.5799999999987,0.05,0.06,0.00022864341735839844
131,15394.640422398394,15440.602681244585,15340.353267450253,22.055366374124493,40,40,0,0,1.0,1.0,3.422999999999993,3.457724999999993,691.5449999999989,0.05,0.06,0.00017786026000976562
132,14385.839942715818,16205.07814678194,6622.741536980383,3001.7185498704002,40,34,59,0,1.0,0.85,3.9179999999999904,5.8997352941176135,770.9930188777738,0.05,0.06,0.00033593177795410156
133,15248.94330419213,15421.967834587529,14754.602566655733,167.27615311883045,40,40,55,0,1.0,1.0,3.866999999999992,3.9688499999999918,708.0899999999989,0.05,0.06,0.0003974437713623047
134,15862.990293075782,15983.687533531778,15754.028210969609,55.21578420815554,40,40,0,0,1.0,1.0,3.5679999999999907,3.6131999999999906,722.6399999999985,0.05,0.06,0.0005156993865966797
135,15842.031816884444,16008.892248197599,15613.924680927415,143.60165013330007,40,40,56,0,1.0,1.0,4.197999999999993,4.282699999999994,817.6149999999993,0.05,0.06,0.00016951560974121094
136,11950.350739181538,12001.34583322643,11908.222410630435,23.11017574369103,40,40,0,0,1.0,1.0,2.026999999999998,2.1347499999999977,426.9499999999991,0.05,0.06,0.00029349327087402344
137,14153.409237243075,14206.342116342355,14083.233664190566,29.653746812845558,40,40,0,0,1.0,1.0,3.073999999999994,3.223874999999994,644.750295531058,0.05,0.06,0.00020933151245117188
138,18002.263528633266,18068.284899622493,17710.02404124806,53.28125124851098,40,40,41,0,1.0,1.0,5.398000000000003,5.567575000000007,1005.2985198987246,0.05,0.06,0.0002651214599609375
139,16226.339416629333,16332.585486159514,15648.65632038873,138.07840585321512,40,40,48,0,1.0,1.0,4.315999999999997,4.406199999999999,860.4449999999991,0.05,0.06,0.0003108978271484375
140,15861.837122358382,15988.588301457883,15607.992302064758,126.62262619292193,40,40,50,0,1.0,1.0,4.279999999999995,4.521724999999996,757.2556015998158,0.05,0.06,0.0005335807800292969
141,6427.922726446847,15657.400705231463,4278.101373049454,4178.5818122438295,7,7,91,0,0.175,0.175,4.172999999999992,4.322571428571423,773.9714285714275,0.05,0.06,0.000194549560546875
142,15723.435658645418,15763.33631809485,15681.968825665343,21.140325498543,40,40,0,0,1.0,1.0,3.5599999999999925,3.624074999999992,724.8149999999993,0.05,0.06,0.00016260147094726562
143,12632.79407664968,12702.292534355167,12596.025980489609,21.39865459160863,40,40,0,0,1.0,1.0,2.229999999999997,2.236849999999997,447.36999999999915,0.05,0.06,0.00015306472778320312
144,13711.35948192373,13759.352666391409,13670.913512441472,17.92869594235107,40,40,0,0,1.0,1.0,2.685999999999995,2.686899999999995,537.379999999999,0.05,0.06,0.00015997886657714844
145,13715.191053952376,13796.725782294398,13613.776206064405,52.88587816015248,40,40,0,0,1.0,1.0,2.680999999999995,2.7179749999999947,543.5949999999987,0.05,0.06,0.00016069412231445312
146,12434.323208326397,12489.616105810383,12371.197902579202,24.171359896206,40,40,0,0,1.0,1.0,2.1459999999999964,2.159474999999996,431.89499999999896,0.05,0.06,0.00015807151794433594
147,13878.946325173743,13953.000675888437,13841.536448139213,22.970101816431757,40,40,0,0,1.0,1.0,2.819999999999996,2.8871499999999957,577.4299999999992,0.05,0.06,0.00032806396484375
148,14283.261411069438,14327.448527228378,14205.571554698734,28.46644983167281,40,40,40,0,1.0,1.0,3.6629999999999914,3.945474999999991,602.2299999999989,0.05,0.06,0.0004067420959472656
149,13765.73532974626,13854.450266511989,13683.38976878252,33.16866190274504,40,40,0,0,1.0,1.0,2.6679999999999957,2.7131999999999956,542.6399999999987,0.05,0.06,0.00018334388732910156
150,13089.680810802234,13143.426294925972,13022.60861160929,28.976861660105694,40,40,0,0,1.0,1.0,2.4379999999999966,2.5332499999999962,506.2940064343169,0.05,0.06,0.0005075931549072266
151,13617.481484260828,13679.334829278187,13568.424879016504,28.60280945251336,40,40,0,0,1.0,1.0,2.623999999999996,2.6634249999999957,532.6849999999986,0.05,0.06,0.00017499923706054688
152,9492.328787185508,15241.174022899057,3041.711549305611,5915.0050023916265,21,21,44,0,0.525,0.525,3.654999999999993,4.170571428571423,695.6285714285704,0.05,0.06,0.0001518726348876953
153,13596.053352173327,13650.761587909863,13542.723384594243,23.976014672758552,40,40,0,0,1.0,1.0,2.6359999999999966,2.6661499999999965,533.2299999999987,0.05,0.06,0.00014591217041015625
154,16568.579308252818,18309.998887931466,4189.57845543476,3088.6098094100544,39,37,154,2,0.975,0.925,5.784000000000011,7.293675675675674,1231.8609058174184,0.05,0.06,0.0003955364227294922
155,12397.802639080353,12429.938288899393,12280.580595656545,29.410441436070347,40,40,0,0,1.0,1.0,2.1159999999999974,2.1317499999999976,426.3499999999991,0.05,0.06,0.0001506805419921875
156,13852.2787536169,15700.751153809286,912.9499908320846,3428.6476223387012,39,35,159,4,0.975,0.875,4.986000000000004,5.580514285714297,806.0171428571417,0.05,0.06,0.0005342960357666016
157,14914.99151839568,15026.963182103105,14656.079827453686,86.57554834569873,40,40,83,0,1.0,1.0,4.123999999999992,4.514849999999997,694.4249999999986,0.05,0.06,0.0005617141723632812
158,14314.873608446005,15347.906215275547,3358.3109739661318,3073.8101325439584,37,37,49,0,0.925,0.925,3.5779999999999914,3.729540540540532,702.1729729729722,0.05,0.06,0.00020384788513183594
159,13431.438726721357,13474.306682380637,13389.10979295425,23.762081856719927,40,40,0,0,1.0,1.0,2.586999999999996,2.626224999999996,525.2449999999986,0.05,0.06,0.0002505779266357422
160,10014.305791609708,15869.814337909575,3576.0173420540946,5453.350966663055,25,20,87,0,0.625,0.5,4.183999999999992,15.244299999999772,810.1570137927342,0.05,0.06,0.00017571449279785156
161,9565.897970091788,16388.300052413917,970.1967717136575,4824.5640534176155,39,15,191,24,0.975,0.375,5.2510000000000066,6.3738000000000214,878.641260058068,0.05,0.06,0.00025081634521484375
162,6331.210849902499,14963.950693228438,3319.605190043353,4299.2970346293605,15,8,48,0,0.375,0.2,3.631999999999992,14.731249999999642,719.9868503177929,0.05,0.06,0.00014543533325195312
163,10611.080491244258,15391.586151940384,3523.029790441449,5103.0062565471335,26,25,102,1,0.65,0.625,3.6399999999999935,9.765759999999805,712.6399999999993,0.05,0.06,0.0002162456512451172
164,13579.988513898628,13600.193977335672,13546.264737815427,11.959969601272459,40,40,0,0,1.0,1.0,2.6179999999999954,2.645199999999995,529.0399999999988,0.05,0.06,0.0001506805419921875
165,14585.38977480349,14994.729967734203,13991.131699341098,310.4217108202695,40,40,45,0,1.0,1.0,3.297999999999993,3.408199999999993,661.1099999999985,0.05,0.06,0.00024890899658203125
166,16501.457177893815,16671.05163074002,15923.234347169435,155.64443238316414,40,40,89,0,1.0,1.0,5.201000000000005,5.61167500000001,834.7799999999992,0.05,0.06,0.00033402442932128906
167,12966.026252719163,13019.464131124638,12904.767112279844,24.117677595552948,40,40,0,0,1.0,1.0,2.365999999999996,2.380874999999996,476.17499999999893,0.05,0.06,0.0005409717559814453
168,13114.759087305172,13165.529756366159,13068.704670815592,23.561556221549946,40,40,0,0,1.0,1.0,2.4279999999999964,2.4368249999999962,487.3649999999989,0.05,0.06,0.00019431114196777344
169,13882.01265708601,13974.886199539313,13813.283848788848,34.55873961822169,40,40,0,0,1.0,1.0,2.737999999999995,2.793474999999995,558.6949999999988,0.05,0.06,0.0003936290740966797
170,16176.777929976204,16634.03917439456,4907.192991350941,1812.0489989674568,39,39,58,0,0.975,0.975,4.868000000000001,5.2145641025641085,818.5230769230758,0.05,0.06,0.0004534721374511719
171,13875.169513441488,14603.751929479575,7941.240004310776,1069.7975952843744,40,39,89,0,1.0,0.975,4.192999999999994,6.801205128205051,647.5149941007146,0.05,0.06,0.0003464221954345703
172,14678.312545666617,15234.875078092336,5687.1221766034405,1465.605847482555,40,39,123,1,1.0,0.975,4.489999999999998,4.640358974358976,786.2176293068538,0.05,0.06,0.0003726482391357422
173,16531.977512959325,16757.39574479069,16087.865466570933,166.03227313741647,40,40,20,0,1.0,1.0,4.00399999999999,4.081124999999991,809.3699999999989,0.05,0.06,0.0001728534698486328
174,5931.602779688923,14255.177830428976,3345.186752418415,4318.680218709283,9,9,87,0,0.225,0.225,5.877000000000015,9.025777777777794,684.5333333333324,0.05,0.06,0.00015878677368164062
175,14593.544507262885,15228.909366384647,3408.863204691109,1800.7479605731446,39,39,46,0,0.975,0.975,3.5219999999999927,3.5747435897435813,700.0153846153836,0.05,0.06,0.0004222393035888672
176,15361.54602424524,15984.897069952574,4110.011941048698,1815.2354758875113,39,39,78,0,0.975,0.975,4.987,5.339564102564108,827.3641025641025,0.05,0.06,0.00037479400634765625
177,14085.79231129709,14985.532928208755,6165.199703751971,1312.8979430265547,40,39,42,0,1.0,0.975,9.009000000000022,18.676307692307404,731.3534581176972,0.05,0.06,0.0005145072937011719
178,13712.83499056679,13744.098069717013,13657.123842868114,21.736591254271346,40,40,0,0,1.0,1.0,2.674999999999995,2.689849999999995,537.9699999999987,0.05,0.06,0.0002200603485107422
179,15328.657567680042,15366.341749351723,15274.577752168228,19.434761314814338,40,40,40,0,1.0,1.0,3.6769999999999934,3.756924999999994,719.4199999999994,0.05,0.06,0.0001614093780517578
180,4387.099170958559,14506.361923985041,807.9355933716828,2962.432557067386,6,3,84,1,0.15,0.075,5.392000000000012,13.623666666666374,643.7999999999989,0.05,0.06,0.00013971328735351562
181,14553.000699283042,14613.260924670118,14478.17843972072,37.365311269937195,40,40,0,0,1.0,1.0,3.035999999999995,3.0580499999999953,611.6099999999988,0.05,0.06,0.00016641616821289062
182,13568.79908521293,13666.887230808024,13480.758681677911,38.88129572185597,40,40,0,0,1.0,1.0,2.6579999999999964,2.7687499999999963,553.5627304030542,0.05,0.06,0.00022220611572265625
183,13547.248517239927,13607.54385254878,13490.052746499086,24.494101629068332,40,40,0,0,1.0,1.0,2.6279999999999957,2.6323999999999956,526.4799999999988,0.05,0.06,0.00017309188842773438
184,10610.376752501837,15197.006450775649,3545.413801639557,5345.4541641228,25,25,56,0,0.625,0.625,3.455999999999993,3.4803599999999926,683.807999999999,0.05,0.06,0.0002586841583251953
185,8538.899278109358,15476.352531413602,2916.3065274772066,5734.580455243162,17,17,122,2,0.425,0.425,4.876000000000001,5.190588235294122,740.0941176470579,0.05,0.06,0.0002124309539794922
186,14131.898193218589,15430.431249475527,4514.593574264022,3195.9334886489764,40,36,46,4,1.0,0.9,3.765999999999991,3.972944444444435,779.1993126890706,0.05,0.06,0.00033593177795410156
187,15842.683978780255,15873.81374235182,15791.015430339383,19.627853339699097,40,40,0,0,1.0,1.0,3.614999999999992,3.679474999999992,735.894999999999,0.05,0.06,0.00021123886108398438
188,15174.497018842387,16651.514332704508,1967.1715456418372,3522.196129608009,38,36,71,0,0.95,0.9,5.140000000000002,6.266111111111087,916.8007131826894,0.05,0.06,0.0003077983856201172
189,13601.927458744642,13638.564927966885,13556.554464918037,19.79214804550486,40,40,0,0,1.0,1.0,2.669999999999997,2.714949999999997,542.9899999999986,0.05,0.06,0.00015878677368164062
190,12429.987540480119,12505.974844375527,12378.167059162768,30.238725346223497,40,40,0,0,1.0,1.0,2.1249999999999982,2.1402999999999985,428.05999999999915,0.05,0.06,0.000171661376953125
191,16189.67782434673,16239.939275870933,15923.27590231898,46.77765397967434,40,40,41,0,1.0,1.0,4.429999999999995,4.492424999999996,794.394999999999,0.05,0.06,0.00016951560974121094
192,13002.497109411841,13048.688711912899,12850.160134625366,47.63055940648351,40,40,0,0,1.0,1.0,2.3519999999999963,2.389349999999996,477.869999999999,0.05,0.06,0.0001595020294189453
193,15432.790078625674,15888.189299434498,14488.430591368287,308.77220687163316,40,40,59,0,1.0,1.0,3.7279999999999935,3.7505499999999934,723.0799999999992,0.05,0.06,0.0001537799835205078
194,16236.514483733796,16329.796916224483,15935.459255566851,110.06761725575097,40,40,46,0,1.0,1.0,4.410999999999995,4.515674999999996,814.7149999999995,0.05,0.06,0.00028204917907714844
195,15629.502538926365,16027.576051141108,15062.143150394546,259.3612775623333,40,40,50,0,1.0,1.0,3.908999999999991,3.986324999999991,780.2999999999995,0.05,0.06,0.00017070770263671875
196,15898.951283419412,16005.746329420677,15592.06019425322,118.40470659210867,40,40,48,0,1.0,1.0,4.192999999999995,4.353449999999998,837.5299999999994,0.05,0.06,0.00019550323486328125
197,13776.456528546876,13806.85353941527,13742.074111847905,18.43370699088648,40,40,0,0,1.0,1.0,2.753999999999995,2.775249999999995,555.0499999999989,0.05,0.06,0.00019097328186035156
198,17578.94231519266,17804.50140639096,16832.99789126523,245.18211496161368,40,40,24,0,1.0,1.0,4.944000000000004,5.087600000000006,1002.6587623991247,0.05,0.06,0.0005276203155517578
199,12476.729463030493,13124.983286108183,11792.540525803359,316.8453358904928,40,40,42,0,1.0,1.0,10.469999999999999,18.89457499999972,580.984999999999,0.05,0.06,0.00039386749267578125
200,13368.650528260263,13491.683921850376,13233.639459503345,51.238556136418886,40,40,0,0,1.0,1.0,2.5329999999999973,2.5466249999999975,509.32499999999874,0.05,0.06,0.00015354156494140625
